query_id,intent_l1,intent_l2,difficulty,requires_rag,final_status,intent_top1,hit@1,recall@1,recall_inclusive@1,hit@3,recall@3,recall_inclusive@3,hit@5,recall@5,recall_inclusive@5,hit@10,recall@10,recall_inclusive@10,mrr@10,refusal_when_required,fallback_when_required,over_retrieval_rate,ttft_mean_ms,faithfulness,faithfulness_manual,answer_relevancy,answer_relevancy_manual,answer_correctness,answer_correctness_manual,context_precision,context_precision_manual,context_recall,context_recall_manual
S1-05,SUPPORT,S1_选购推荐,medium,True,success,1.0000,1.0000,1.0000,0.2000,1.0000,1.0000,0.2000,1.0000,1.0000,0.2000,1.0000,1.0000,0.2000,1.0000,0.0000,0.0000,,7621.0000,0.5862,,0.7404,,0.5803,,1.0000,,1.0000,
S1-04,SUPPORT,S1_选购推荐,medium,True,success,0.0000,1.0000,1.0000,0.3333,1.0000,1.0000,0.6667,1.0000,1.0000,0.6667,1.0000,1.0000,0.6667,1.0000,0.0000,0.0000,,6908.0000,0.6129,,0.6486,,0.5414,,1.0000,,1.0000,
S1-02,SUPPORT,S1_选购推荐,easy,True,success,1.0000,1.0000,0.5000,0.1250,1.0000,1.0000,0.2500,1.0000,1.0000,0.2500,1.0000,1.0000,0.2500,1.0000,0.0000,0.0000,,13599.0000,0.9706,,0.8496,,0.7194,,1.0000,,1.0000,
S1-03,SUPPORT,S1_选购推荐,medium,True,success,1.0000,1.0000,1.0000,0.2500,1.0000,1.0000,0.5000,1.0000,1.0000,0.7500,1.0000,1.0000,0.7500,1.0000,0.0000,0.0000,,8279.0000,0.5714,,0.7318,,0.7387,,1.0000,,1.0000,
S1-01,SUPPORT,S1_选购推荐,medium,True,success,1.0000,1.0000,0.5000,0.2500,1.0000,1.0000,0.5000,1.0000,1.0000,0.7500,1.0000,1.0000,0.7500,1.0000,0.0000,0.0000,,6650.0000,0.8000,,0.7906,,0.7266,,1.0000,,1.0000,
S2-01,SUPPORT,S2_参数咨询,easy,True,success,1.0000,1.0000,1.0000,1.0000,1.0000,1.0000,1.0000,1.0000,1.0000,1.0000,1.0000,1.0000,1.0000,1.0000,0.0000,0.0000,,6086.0000,0.5000,,1.0000,,0.7218,,0.8056,,1.0000,
S1-07,SUPPORT,S1_选购推荐,medium,True,success,1.0000,1.0000,0.5000,0.3333,1.0000,0.5000,0.3333,1.0000,0.5000,0.3333,1.0000,0.5000,0.3333,1.0000,0.0000,0.0000,,5364.0000,0.6774,,0.7627,,0.7492,,1.0000,,0.5000,
S1-08,SUPPORT,S1_选购推荐,hard,True,success,1.0000,1.0000,1.0000,0.2500,1.0000,1.0000,0.5000,1.0000,1.0000,1.0000,1.0000,1.0000,1.0000,1.0000,0.0000,0.0000,,5776.0000,0.7778,,0.8803,,0.6151,,1.0000,,0.6667,
S2-02,SUPPORT,S2_参数咨询,easy,True,success,1.0000,1.0000,1.0000,1.0000,1.0000,1.0000,1.0000,1.0000,1.0000,1.0000,1.0000,1.0000,1.0000,1.0000,0.0000,0.0000,,5717.0000,0.8750,,0.9822,,0.5478,,0.9167,,1.0000,
S1-06,SUPPORT,S1_选购推荐,hard,True,success,1.0000,1.0000,0.5000,0.1250,1.0000,0.5000,0.2500,1.0000,0.5000,0.3750,1.0000,0.5000,0.3750,1.0000,0.0000,0.0000,,17232.0000,0.9487,,0.8268,,0.6476,,1.0000,,0.5000,
S2-03,SUPPORT,S2_参数咨询,easy,True,success,0.0000,1.0000,1.0000,0.5000,1.0000,1.0000,1.0000,1.0000,1.0000,1.0000,1.0000,1.0000,1.0000,1.0000,0.0000,0.0000,,5820.0000,1.0000,,0.9634,,0.6222,,0.8056,,0.5000,
S2-04,SUPPORT,S2_参数咨询,easy,True,success,1.0000,1.0000,0.5000,0.5000,1.0000,0.5000,0.5000,1.0000,0.5000,0.5000,1.0000,0.5000,0.5000,1.0000,0.0000,0.0000,,5775.0000,0.7143,,0.8989,,0.6169,,1.0000,,0.6667,
S2-05,SUPPORT,S2_参数咨询,medium,True,success,1.0000,1.0000,0.5000,0.5000,1.0000,0.5000,0.5000,1.0000,0.5000,0.5000,1.0000,0.5000,0.5000,1.0000,0.0000,0.0000,,6197.0000,0.6296,,0.9700,,0.6863,,1.0000,,0.6667,
S2-06,SUPPORT,S2_参数咨询,medium,True,success,0.0000,1.0000,0.5000,0.5000,1.0000,0.5000,0.5000,1.0000,0.5000,0.5000,1.0000,0.5000,0.5000,1.0000,0.0000,0.0000,,7834.0000,0.5455,,0.9932,,0.7440,,0.8056,,0.3333,
S2-09,SUPPORT,S2_参数咨询,hard,True,success,1.0000,0.0000,0.0000,0.0000,1.0000,1.0000,0.5000,1.0000,1.0000,0.5000,1.0000,1.0000,0.5000,0.5000,0.0000,0.0000,,5611.0000,0.3333,,0.0000,,0.6154,,0.5000,,0.3333,
S2-07,SUPPORT,S2_参数咨询,hard,True,success,1.0000,1.0000,0.5000,0.5000,1.0000,0.5000,0.5000,1.0000,0.5000,0.5000,1.0000,0.5000,0.5000,1.0000,0.0000,0.0000,,9367.0000,0.1765,,0.6051,,0.4880,,0.7000,,0.3333,
S2-08,SUPPORT,S2_参数咨询,hard,True,success,0.0000,1.0000,1.0000,0.5000,1.0000,1.0000,0.5000,1.0000,1.0000,0.5000,1.0000,1.0000,0.5000,1.0000,0.0000,0.0000,,6578.0000,0.6429,,0.9888,,0.5647,,1.0000,,1.0000,
S2-10,SUPPORT,S2_参数咨询,hard,True,success,1.0000,0.0000,0.0000,0.0000,1.0000,0.5000,0.3333,1.0000,0.5000,0.3333,1.0000,0.5000,0.3333,0.5000,0.0000,0.0000,,8799.0000,0.4800,,0.0000,,0.5475,,0.5000,,0.5000,
S3-01,SUPPORT,S3_对比选购,medium,True,success,1.0000,1.0000,0.5000,0.5000,1.0000,1.0000,1.0000,1.0000,1.0000,1.0000,1.0000,1.0000,1.0000,1.0000,0.0000,0.0000,,5822.0000,0.8421,,0.9084,,0.7489,,0.8056,,1.0000,
S3-05,SUPPORT,S3_对比选购,medium,True,success,1.0000,1.0000,0.3333,0.3333,1.0000,0.6667,0.6667,1.0000,0.6667,0.6667,1.0000,0.6667,0.6667,1.0000,0.0000,0.0000,,7043.0000,0.7500,,0.9892,,0.6659,,1.0000,,0.5000,
S3-02,SUPPORT,S3_对比选购,easy,True,success,1.0000,1.0000,0.5000,0.5000,1.0000,1.0000,1.0000,1.0000,1.0000,1.0000,1.0000,1.0000,1.0000,1.0000,0.0000,0.0000,,9551.0000,1.0000,,0.9619,,0.5363,,1.0000,,1.0000,
S3-04,SUPPORT,S3_对比选购,medium,True,success,1.0000,1.0000,0.5000,0.5000,1.0000,0.5000,0.5000,1.0000,1.0000,1.0000,1.0000,1.0000,1.0000,1.0000,0.0000,0.0000,,6245.0000,0.7500,,0.9349,,0.6767,,1.0000,,1.0000,
S3-03,SUPPORT,S3_对比选购,medium,True,success,1.0000,0.0000,0.0000,0.0000,1.0000,1.0000,1.0000,1.0000,1.0000,1.0000,1.0000,1.0000,1.0000,0.5000,0.0000,0.0000,,7491.0000,0.7736,,0.9320,,0.2958,,0.8667,,0.3333,
S4-02,SUPPORT,S4_价格活动,easy,True,success,1.0000,0.0000,0.0000,0.0000,0.0000,0.0000,0.0000,0.0000,0.0000,0.0000,0.0000,0.0000,0.0000,0.0000,0.0000,0.0000,,5604.0000,0.3333,,0.0000,,0.7356,,0.0000,,0.0000,
S3-08,SUPPORT,S3_对比选购,hard,True,success,1.0000,1.0000,0.5000,0.5000,1.0000,0.5000,0.5000,1.0000,0.5000,0.5000,1.0000,0.5000,0.5000,1.0000,0.0000,0.0000,,4462.0000,0.9167,,0.0000,,0.8312,,1.0000,,0.0000,
S3-06,SUPPORT,S3_对比选购,hard,True,success,1.0000,1.0000,0.3333,0.3333,1.0000,0.6667,0.6667,1.0000,0.6667,0.6667,1.0000,0.6667,0.6667,1.0000,0.0000,0.0000,,6506.0000,0.7500,,0.8866,,0.6824,,0.8056,,0.3333,
S4-01,SUPPORT,S4_价格活动,medium,True,success,1.0000,0.0000,0.0000,0.0000,0.0000,0.0000,0.0000,1.0000,1.0000,1.0000,1.0000,1.0000,1.0000,0.2500,0.0000,1.0000,,12296.0000,0.0000,,0.0000,,0.0505,,0.2500,,0.7500,
S4-03,SUPPORT,S4_价格活动,medium,True,success,1.0000,1.0000,0.5000,0.5000,1.0000,0.5000,0.5000,1.0000,0.5000,0.5000,1.0000,0.5000,0.5000,1.0000,0.0000,0.0000,,4932.0000,0.7143,,0.6148,,0.5811,,0.5000,,0.0000,
S4-04,SUPPORT,S4_价格活动,medium,True,success,1.0000,0.0000,0.0000,0.0000,0.0000,0.0000,0.0000,1.0000,0.5000,0.5000,1.0000,0.5000,0.5000,0.2000,0.0000,0.0000,,5967.0000,0.4444,,0.0000,,0.6255,,0.0000,,0.0000,
S4-06,SUPPORT,S4_价格活动,hard,True,success,0.0000,1.0000,1.0000,1.0000,1.0000,1.0000,1.0000,1.0000,1.0000,1.0000,1.0000,1.0000,1.0000,1.0000,0.0000,0.0000,,6818.0000,1.0000,,0.3223,,0.5575,,1.0000,,1.0000,
S4-05,SUPPORT,S4_价格活动,hard,True,success,1.0000,0.0000,0.0000,0.0000,1.0000,1.0000,1.0000,1.0000,1.0000,1.0000,1.0000,1.0000,1.0000,0.5000,0.0000,0.0000,,5873.0000,0.4444,,0.8656,,0.3676,,0.5000,,0.0000,
S5-01,SUPPORT,S5_库存到货,medium,True,success,1.0000,1.0000,1.0000,1.0000,1.0000,1.0000,1.0000,1.0000,1.0000,1.0000,1.0000,1.0000,1.0000,1.0000,0.0000,0.0000,,5948.0000,0.5556,,0.0000,,0.5450,,1.0000,,0.6667,
S5-02,SUPPORT,S5_库存到货,easy,True,success,0.0000,1.0000,1.0000,1.0000,1.0000,1.0000,1.0000,1.0000,1.0000,1.0000,1.0000,1.0000,1.0000,1.0000,0.0000,0.0000,,4533.0000,1.0000,,0.6232,,0.5285,,0.8333,,1.0000,
S3-07,SUPPORT,S3_对比选购,hard,True,success,0.0000,1.0000,0.2500,0.2500,1.0000,0.2500,0.2500,1.0000,0.2500,0.2500,1.0000,0.2500,0.2500,1.0000,0.0000,0.0000,,14973.0000,0.2959,,0.8137,,0.6428,,1.0000,,0.0000,
S5-04,SUPPORT,S5_库存到货,medium,True,success,1.0000,0.0000,0.0000,0.0000,0.0000,0.0000,0.0000,1.0000,0.5000,0.5000,1.0000,0.5000,0.5000,0.2000,0.0000,0.0000,,5851.0000,0.0000,,0.0000,,0.5735,,0.0000,,0.0000,
S5-03,SUPPORT,S5_库存到货,medium,True,success,1.0000,1.0000,0.5000,0.5000,1.0000,0.5000,0.5000,1.0000,0.5000,0.5000,1.0000,0.5000,0.5000,1.0000,0.0000,0.0000,,6786.0000,0.6364,,0.0000,,0.8508,,1.0000,,1.0000,
S6-02,SUPPORT,S6_配件兼容,easy,True,success,1.0000,1.0000,0.5000,0.5000,1.0000,0.5000,0.5000,1.0000,0.5000,0.5000,1.0000,0.5000,0.5000,1.0000,0.0000,0.0000,,5631.0000,1.0000,,0.8096,,0.2995,,1.0000,,0.0000,
S5-05,SUPPORT,S5_库存到货,hard,True,success,1.0000,1.0000,1.0000,1.0000,1.0000,1.0000,1.0000,1.0000,1.0000,1.0000,1.0000,1.0000,1.0000,1.0000,0.0000,0.0000,,6019.0000,0.6000,,0.0000,,0.6574,,1.0000,,1.0000,
S6-01,SUPPORT,S6_配件兼容,easy,True,success,1.0000,1.0000,0.5000,0.5000,1.0000,0.5000,0.5000,1.0000,0.5000,0.5000,1.0000,0.5000,0.5000,1.0000,0.0000,0.0000,,6172.0000,0.6364,,0.8595,,0.5683,,0.8875,,1.0000,
S6-03,SUPPORT,S6_配件兼容,medium,True,success,1.0000,1.0000,0.5000,0.5000,1.0000,0.5000,0.5000,1.0000,0.5000,0.5000,1.0000,0.5000,0.5000,1.0000,0.0000,0.0000,,5471.0000,0.4545,,0.9030,,0.5945,,1.0000,,0.0000,
S6-04,SUPPORT,S6_配件兼容,medium,True,success,1.0000,1.0000,0.3333,0.3333,1.0000,0.6667,0.6667,1.0000,0.6667,0.6667,1.0000,0.6667,0.6667,1.0000,0.0000,0.0000,,6096.0000,0.4286,,0.9876,,0.7615,,0.9167,,0.5000,
S6-07,SUPPORT,S6_配件兼容,hard,True,success,1.0000,1.0000,0.2500,0.2500,1.0000,0.5000,0.5000,1.0000,0.7500,0.7500,1.0000,0.7500,0.7500,1.0000,0.0000,0.0000,,7078.0000,1.0000,,0.8184,,0.1561,,0.5000,,0.0000,
S6-06,SUPPORT,S6_配件兼容,hard,True,success,1.0000,1.0000,0.3333,0.3333,1.0000,0.6667,0.6667,1.0000,0.6667,0.6667,1.0000,0.6667,0.6667,1.0000,0.0000,0.0000,,7911.0000,1.0000,,0.9643,,0.6905,,1.0000,,0.5000,
S6-05,SUPPORT,S6_配件兼容,hard,True,success,1.0000,1.0000,0.3333,0.3333,1.0000,0.6667,0.6667,1.0000,0.6667,0.6667,1.0000,0.6667,0.6667,1.0000,0.0000,0.0000,,7058.0000,0.6000,,0.8021,,0.5761,,1.0000,,1.0000,
S7-01,SUPPORT,S7_适用场景,easy,True,success,1.0000,1.0000,0.5000,0.5000,1.0000,0.5000,0.5000,1.0000,0.5000,0.5000,1.0000,0.5000,0.5000,1.0000,0.0000,0.0000,,5437.0000,0.6452,,0.7848,,0.6786,,1.0000,,1.0000,
S7-02,SUPPORT,S7_适用场景,easy,True,success,1.0000,0.0000,0.0000,0.0000,1.0000,0.5000,0.5000,1.0000,0.5000,0.5000,1.0000,0.5000,0.5000,0.5000,0.0000,0.0000,,6272.0000,0.4348,,0.7701,,0.6936,,1.0000,,0.6667,
S7-04,SUPPORT,S7_适用场景,medium,True,success,1.0000,1.0000,0.5000,0.5000,1.0000,0.5000,0.5000,1.0000,1.0000,1.0000,1.0000,1.0000,1.0000,1.0000,0.0000,0.0000,,5819.0000,0.8333,,0.8322,,0.8199,,1.0000,,0.5000,
S7-03,SUPPORT,S7_适用场景,medium,True,success,1.0000,1.0000,0.3333,0.3333,1.0000,0.3333,0.3333,1.0000,0.6667,0.6667,1.0000,0.6667,0.6667,1.0000,0.0000,0.0000,,5820.0000,0.7222,,0.6360,,0.6489,,1.0000,,1.0000,
S7-05,SUPPORT,S7_适用场景,hard,True,success,1.0000,1.0000,0.5000,0.5000,1.0000,0.5000,0.5000,1.0000,0.5000,0.5000,1.0000,0.5000,0.5000,1.0000,0.0000,0.0000,,6295.0000,0.2857,,0.7553,,0.3154,,1.0000,,0.0000,
S7-06,SUPPORT,S7_适用场景,hard,True,success,1.0000,1.0000,0.3333,0.3333,1.0000,0.3333,0.3333,1.0000,0.6667,0.6667,1.0000,0.6667,0.6667,1.0000,0.0000,0.0000,,7592.0000,0.5500,,0.9225,,0.6765,,0.7500,,1.0000,
S1-09,SUPPORT,S1_选购推荐,medium,True,success,1.0000,0.0000,0.0000,0.0000,0.0000,0.0000,0.0000,1.0000,0.3333,0.3333,1.0000,0.3333,0.3333,0.2500,0.0000,0.0000,,5533.0000,0.5938,,0.6389,,0.3086,,1.0000,,0.0000,
S2-11,SUPPORT,S2_参数咨询,medium,True,success,0.0000,1.0000,0.5000,0.5000,1.0000,1.0000,1.0000,1.0000,1.0000,1.0000,1.0000,1.0000,1.0000,1.0000,0.0000,0.0000,,6853.0000,0.3448,,0.7909,,0.5929,,1.0000,,0.0000,
S4-07,SUPPORT,S4_价格活动,medium,True,success,1.0000,1.0000,0.3333,0.3333,1.0000,0.3333,0.3333,1.0000,0.3333,0.3333,1.0000,0.3333,0.3333,1.0000,0.0000,0.0000,,5924.0000,1.0000,,0.0000,,0.6087,,0.0000,,0.5000,
S3-09,SUPPORT,S3_对比选购,medium,True,success,1.0000,1.0000,0.5000,0.5000,1.0000,1.0000,1.0000,1.0000,1.0000,1.0000,1.0000,1.0000,1.0000,1.0000,0.0000,0.0000,,5954.0000,0.9750,,0.9691,,0.8647,,1.0000,,0.6667,
S5-06,SUPPORT,S5_库存到货,medium,True,success,0.0000,1.0000,1.0000,0.5000,1.0000,1.0000,1.0000,1.0000,1.0000,1.0000,1.0000,1.0000,1.0000,1.0000,0.0000,0.0000,,5718.0000,1.0000,,0.9429,,0.9015,,1.0000,,1.0000,
S8-01,SUPPORT,S8_操作指引,easy,True,success,1.0000,1.0000,1.0000,1.0000,1.0000,1.0000,1.0000,1.0000,1.0000,1.0000,1.0000,1.0000,1.0000,1.0000,0.0000,0.0000,,5944.0000,1.0000,,1.0000,,0.4557,,1.0000,,1.0000,
S8-02,SUPPORT,S8_操作指引,easy,True,success,1.0000,1.0000,1.0000,1.0000,1.0000,1.0000,1.0000,1.0000,1.0000,1.0000,1.0000,1.0000,1.0000,1.0000,0.0000,0.0000,,6369.0000,0.5000,,0.6771,,0.5377,,1.0000,,0.0000,
S8-03,SUPPORT,S8_操作指引,medium,True,success,1.0000,1.0000,0.5000,0.5000,1.0000,0.5000,0.5000,1.0000,0.5000,0.5000,1.0000,0.5000,0.5000,1.0000,0.0000,0.0000,,5334.0000,0.8750,,0.6244,,0.6781,,0.8667,,1.0000,
S7-07,SUPPORT,S7_适用场景,hard,True,success,0.0000,1.0000,0.2500,0.2500,1.0000,0.5000,0.5000,1.0000,0.5000,0.5000,1.0000,0.5000,0.5000,1.0000,0.0000,0.0000,,6686.0000,0.5000,,0.8828,,0.6761,,1.0000,,1.0000,
S8-04,SUPPORT,S8_操作指引,medium,True,success,1.0000,1.0000,0.5000,0.5000,1.0000,1.0000,1.0000,1.0000,1.0000,1.0000,1.0000,1.0000,1.0000,1.0000,0.0000,0.0000,,6746.0000,0.8333,,0.7534,,0.5521,,1.0000,,0.0000,
S8-05,SUPPORT,S8_操作指引,medium,True,success,1.0000,1.0000,1.0000,1.0000,1.0000,1.0000,1.0000,1.0000,1.0000,1.0000,1.0000,1.0000,1.0000,1.0000,0.0000,0.0000,,6238.0000,1.0000,,0.6573,,0.6815,,1.0000,,0.5000,
S8-06,SUPPORT,S8_操作指引,hard,True,success,1.0000,1.0000,0.5000,0.5000,1.0000,0.5000,0.5000,1.0000,0.5000,0.5000,1.0000,0.5000,0.5000,1.0000,0.0000,0.0000,,6098.0000,0.6000,,0.8100,,0.6466,,1.0000,,1.0000,
S8-08,SUPPORT,S8_操作指引,hard,True,success,1.0000,1.0000,0.5000,0.5000,1.0000,0.5000,0.5000,1.0000,0.5000,0.5000,1.0000,0.5000,0.5000,1.0000,0.0000,0.0000,,5763.0000,0.7500,,0.7576,,0.6339,,1.0000,,0.0000,
S8-07,SUPPORT,S8_操作指引,hard,True,success,1.0000,1.0000,0.5000,0.5000,1.0000,0.5000,0.5000,1.0000,1.0000,1.0000,1.0000,1.0000,1.0000,1.0000,0.0000,0.0000,,6822.0000,0.7778,,0.7092,,0.5260,,1.0000,,0.5000,
S9-01,SUPPORT,S9_配网连接,easy,True,success,1.0000,1.0000,0.5000,0.5000,1.0000,1.0000,1.0000,1.0000,1.0000,1.0000,1.0000,1.0000,1.0000,1.0000,0.0000,0.0000,,5364.0000,0.9000,,0.5243,,0.8253,,1.0000,,1.0000,
S9-02,SUPPORT,S9_配网连接,easy,True,success,1.0000,1.0000,0.3333,0.3333,1.0000,0.3333,0.3333,1.0000,0.3333,0.3333,1.0000,0.3333,0.3333,1.0000,0.0000,0.0000,,5496.0000,0.9200,,0.8935,,0.3527,,0.8333,,0.5000,
S9-04,SUPPORT,S9_配网连接,medium,True,success,1.0000,1.0000,0.5000,0.5000,1.0000,0.5000,0.5000,1.0000,1.0000,1.0000,1.0000,1.0000,1.0000,1.0000,0.0000,0.0000,,6598.0000,0.7500,,0.8462,,0.6308,,1.0000,,0.5000,
S9-03,SUPPORT,S9_配网连接,medium,True,success,1.0000,1.0000,0.5000,0.5000,1.0000,0.5000,0.5000,1.0000,0.5000,0.5000,1.0000,0.5000,0.5000,1.0000,0.0000,0.0000,,6377.0000,0.6667,,0.5636,,0.5321,,0.9500,,1.0000,
S9-05,SUPPORT,S9_配网连接,hard,True,success,1.0000,1.0000,0.3333,0.3333,1.0000,0.6667,0.6667,1.0000,0.6667,0.6667,1.0000,0.6667,0.6667,1.0000,0.0000,0.0000,,5018.0000,0.5000,,0.6982,,0.3763,,0.5889,,0.5000,
S9-07,SUPPORT,S9_配网连接,hard,True,success,0.0000,0.0000,0.0000,0.0000,0.0000,0.0000,0.0000,1.0000,0.3333,0.3333,1.0000,0.3333,0.3333,0.2500,0.0000,0.0000,,5766.0000,0.7941,,0.6806,,0.4204,,0.9167,,0.5000,
S10-01,SUPPORT,S10_APP功能,easy,True,success,1.0000,1.0000,1.0000,1.0000,1.0000,1.0000,1.0000,1.0000,1.0000,1.0000,1.0000,1.0000,1.0000,1.0000,0.0000,0.0000,,5661.0000,0.6000,,0.6672,,0.8730,,1.0000,,1.0000,
S9-06,SUPPORT,S9_配网连接,hard,True,success,1.0000,1.0000,0.2500,0.2500,1.0000,0.5000,0.5000,1.0000,0.5000,0.5000,1.0000,0.5000,0.5000,1.0000,0.0000,0.0000,,9533.0000,0.8800,,0.4664,,0.5131,,1.0000,,0.5000,
S10-02,SUPPORT,S10_APP功能,easy,True,success,1.0000,1.0000,1.0000,1.0000,1.0000,1.0000,1.0000,1.0000,1.0000,1.0000,1.0000,1.0000,1.0000,1.0000,0.0000,0.0000,,5927.0000,0.4286,,0.6125,,0.2496,,1.0000,,0.5000,
S10-03,SUPPORT,S10_APP功能,medium,True,success,1.0000,0.0000,0.0000,0.0000,1.0000,1.0000,1.0000,1.0000,1.0000,1.0000,1.0000,1.0000,1.0000,0.5000,0.0000,0.0000,,6904.0000,0.3636,,0.0000,,0.5647,,0.3333,,0.0000,
S10-05,SUPPORT,S10_APP功能,medium,True,success,1.0000,1.0000,1.0000,1.0000,1.0000,1.0000,1.0000,1.0000,1.0000,1.0000,1.0000,1.0000,1.0000,1.0000,0.0000,0.0000,,5017.0000,0.6667,,0.5936,,0.5046,,1.0000,,0.0000,
S10-06,SUPPORT,S10_APP功能,hard,True,success,1.0000,1.0000,0.5000,0.5000,1.0000,1.0000,1.0000,1.0000,1.0000,1.0000,1.0000,1.0000,1.0000,1.0000,0.0000,0.0000,,4872.0000,0.4500,,0.7217,,0.4182,,1.0000,,0.5000,
S10-04,SUPPORT,S10_APP功能,medium,True,success,1.0000,0.0000,0.0000,0.0000,1.0000,1.0000,1.0000,1.0000,1.0000,1.0000,1.0000,1.0000,1.0000,0.5000,0.0000,0.0000,,5608.0000,0.6667,,0.6753,,0.7187,,1.0000,,0.5000,
S10-07,SUPPORT,S10_APP功能,hard,True,success,1.0000,0.0000,0.0000,0.0000,1.0000,0.5000,0.5000,1.0000,1.0000,1.0000,1.0000,1.0000,1.0000,0.5000,0.0000,0.0000,,6138.0000,0.5882,,0.5430,,0.3516,,0.9167,,0.5000,
S11-01,SUPPORT,S11_固件升级,easy,True,success,1.0000,1.0000,1.0000,1.0000,1.0000,1.0000,1.0000,1.0000,1.0000,1.0000,1.0000,1.0000,1.0000,1.0000,0.0000,0.0000,,5762.0000,1.0000,,0.8344,,0.7804,,1.0000,,0.8000,
S11-02,SUPPORT,S11_固件升级,easy,True,success,1.0000,0.0000,0.0000,0.0000,1.0000,0.5000,0.5000,1.0000,0.5000,0.5000,1.0000,0.5000,0.5000,0.5000,0.0000,0.0000,,6803.0000,0.6923,,0.9249,,0.5147,,0.5833,,0.0000,
S11-04,SUPPORT,S11_固件升级,hard,True,success,1.0000,1.0000,0.3333,0.3333,1.0000,1.0000,1.0000,1.0000,1.0000,1.0000,1.0000,1.0000,1.0000,1.0000,0.0000,0.0000,,4856.0000,0.8125,,0.6134,,0.5701,,1.0000,,0.5000,
S11-03,SUPPORT,S11_固件升级,medium,True,success,1.0000,1.0000,0.5000,0.5000,1.0000,1.0000,1.0000,1.0000,1.0000,1.0000,1.0000,1.0000,1.0000,1.0000,0.0000,0.0000,,5398.0000,0.6364,,0.5209,,0.5026,,1.0000,,1.0000,
S11-05,SUPPORT,S11_固件升级,hard,True,success,1.0000,1.0000,0.5000,0.5000,1.0000,1.0000,1.0000,1.0000,1.0000,1.0000,1.0000,1.0000,1.0000,1.0000,0.0000,0.0000,,5189.0000,0.7857,,0.4648,,0.4464,,0.8667,,1.0000,
S12-01,SUPPORT,S12_生态联动,medium,True,success,1.0000,1.0000,0.3333,0.3333,1.0000,0.6667,0.6667,1.0000,1.0000,1.0000,1.0000,1.0000,1.0000,1.0000,0.0000,0.0000,,5775.0000,0.6667,,0.6647,,0.7245,,1.0000,,1.0000,
S12-02,SUPPORT,S12_生态联动,easy,True,success,1.0000,1.0000,0.2500,0.2500,1.0000,0.5000,0.5000,1.0000,0.5000,0.5000,1.0000,0.5000,0.5000,1.0000,0.0000,0.0000,,5542.0000,0.6667,,0.5695,,0.7021,,1.0000,,1.0000,
S12-03,SUPPORT,S12_生态联动,medium,True,success,1.0000,1.0000,0.5000,0.5000,1.0000,0.5000,0.5000,1.0000,0.5000,0.5000,1.0000,0.5000,0.5000,1.0000,0.0000,0.0000,,6751.0000,0.4545,,0.7158,,0.6443,,1.0000,,0.0000,
S12-04,SUPPORT,S12_生态联动,medium,True,success,1.0000,1.0000,0.2500,0.2500,1.0000,0.2500,0.2500,1.0000,0.7500,0.7500,1.0000,0.7500,0.7500,1.0000,0.0000,0.0000,,8103.0000,0.4286,,0.8540,,0.3227,,0.7500,,0.5000,
S12-05,SUPPORT,S12_生态联动,hard,True,success,1.0000,1.0000,0.3333,0.3333,1.0000,0.3333,0.3333,1.0000,1.0000,1.0000,1.0000,1.0000,1.0000,1.0000,0.0000,0.0000,,6804.0000,0.6250,,0.5867,,0.4858,,0.7000,,0.0000,
S13-01,SUPPORT,S13_保养维护,easy,True,success,1.0000,1.0000,0.5000,0.5000,1.0000,0.5000,0.5000,1.0000,0.5000,0.5000,1.0000,0.5000,0.5000,1.0000,0.0000,0.0000,,7484.0000,0.8667,,0.8088,,0.8407,,1.0000,,1.0000,
S13-03,SUPPORT,S13_保养维护,easy,True,success,1.0000,1.0000,0.5000,0.5000,1.0000,0.5000,0.5000,1.0000,0.5000,0.5000,1.0000,0.5000,0.5000,1.0000,0.0000,0.0000,,5336.0000,0.6000,,0.8805,,0.3618,,1.0000,,0.5000,
S12-06,SUPPORT,S12_生态联动,hard,True,success,1.0000,1.0000,0.5000,0.5000,1.0000,0.5000,0.5000,1.0000,0.5000,0.5000,1.0000,0.5000,0.5000,1.0000,0.0000,0.0000,,14045.0000,0.2000,,0.0000,,0.4916,,0.3333,,0.0000,
S13-02,SUPPORT,S13_保养维护,easy,True,success,1.0000,1.0000,1.0000,1.0000,1.0000,1.0000,1.0000,1.0000,1.0000,1.0000,1.0000,1.0000,1.0000,1.0000,0.0000,0.0000,,5822.0000,0.8750,,0.5483,,0.4138,,1.0000,,1.0000,
S13-04,SUPPORT,S13_保养维护,medium,True,success,1.0000,1.0000,1.0000,1.0000,1.0000,1.0000,1.0000,1.0000,1.0000,1.0000,1.0000,1.0000,1.0000,1.0000,0.0000,0.0000,,5364.0000,0.9333,,0.6250,,0.6744,,1.0000,,1.0000,
S13-05,SUPPORT,S13_保养维护,medium,True,success,1.0000,1.0000,0.5000,0.5000,1.0000,1.0000,1.0000,1.0000,1.0000,1.0000,1.0000,1.0000,1.0000,1.0000,0.0000,0.0000,,7019.0000,0.1667,,0.6053,,0.3925,,0.9167,,0.0000,
S13-06,SUPPORT,S13_保养维护,medium,True,success,1.0000,1.0000,1.0000,1.0000,1.0000,1.0000,1.0000,1.0000,1.0000,1.0000,1.0000,1.0000,1.0000,1.0000,0.0000,0.0000,,5361.0000,0.2857,,0.5741,,0.4929,,1.0000,,0.5000,
S13-07,SUPPORT,S13_保养维护,hard,True,success,1.0000,1.0000,0.3333,0.3333,1.0000,0.3333,0.3333,1.0000,0.3333,0.3333,1.0000,0.3333,0.3333,1.0000,0.0000,0.0000,,6063.0000,0.2857,,0.8733,,0.3881,,1.0000,,0.5000,
S14-02,SUPPORT,S14_售后政策,easy,True,success,1.0000,1.0000,0.5000,0.5000,1.0000,1.0000,1.0000,1.0000,1.0000,1.0000,1.0000,1.0000,1.0000,1.0000,0.0000,0.0000,,5804.0000,0.7000,,0.6647,,0.6443,,1.0000,,0.5000,
S14-01,SUPPORT,S14_售后政策,easy,True,success,1.0000,1.0000,0.5000,0.5000,1.0000,1.0000,1.0000,1.0000,1.0000,1.0000,1.0000,1.0000,1.0000,1.0000,0.0000,0.0000,,6525.0000,1.0000,,0.8846,,0.8151,,1.0000,,1.0000,
S13-09,SUPPORT,S13_保养维护,hard,True,success,1.0000,1.0000,0.5000,0.5000,1.0000,0.5000,0.5000,1.0000,0.5000,0.5000,1.0000,0.5000,0.5000,1.0000,0.0000,0.0000,,7450.0000,0.6316,,0.6191,,0.8457,,1.0000,,0.0000,
S13-08,SUPPORT,S13_保养维护,hard,True,success,1.0000,0.0000,0.0000,0.0000,1.0000,0.3333,0.3333,1.0000,0.3333,0.3333,1.0000,0.3333,0.3333,0.5000,0.0000,0.0000,,5588.0000,0.6250,,0.6039,,0.4799,,1.0000,,0.0000,
S14-04,SUPPORT,S14_售后政策,medium,True,success,1.0000,1.0000,1.0000,1.0000,1.0000,1.0000,1.0000,1.0000,1.0000,1.0000,1.0000,1.0000,1.0000,1.0000,0.0000,0.0000,,5379.0000,1.0000,,0.6794,,0.3222,,1.0000,,1.0000,
S14-03,SUPPORT,S14_售后政策,medium,True,success,1.0000,1.0000,0.5000,0.5000,1.0000,1.0000,1.0000,1.0000,1.0000,1.0000,1.0000,1.0000,1.0000,1.0000,0.0000,0.0000,,6342.0000,0.9286,,0.7814,,0.7396,,1.0000,,0.5000,
S14-07,SUPPORT,S14_售后政策,hard,True,success,1.0000,1.0000,0.5000,0.5000,1.0000,1.0000,1.0000,1.0000,1.0000,1.0000,1.0000,1.0000,1.0000,1.0000,0.0000,0.0000,,5429.0000,0.8462,,0.6751,,0.5273,,1.0000,,1.0000,
S14-06,SUPPORT,S14_售后政策,hard,True,success,1.0000,1.0000,0.5000,0.5000,1.0000,1.0000,1.0000,1.0000,1.0000,1.0000,1.0000,1.0000,1.0000,1.0000,0.0000,0.0000,,6495.0000,1.0000,,0.8706,,0.4687,,1.0000,,1.0000,
S14-05,SUPPORT,S14_售后政策,medium,True,success,1.0000,1.0000,0.5000,0.5000,1.0000,0.5000,0.5000,1.0000,1.0000,1.0000,1.0000,1.0000,1.0000,1.0000,0.0000,0.0000,,11069.0000,1.0000,,0.9139,,0.6233,,0.9167,,1.0000,
S14-08,SUPPORT,S14_售后政策,hard,True,success,1.0000,1.0000,0.5000,0.5000,1.0000,1.0000,1.0000,1.0000,1.0000,1.0000,1.0000,1.0000,1.0000,1.0000,0.0000,0.0000,,5457.0000,0.9231,,0.7144,,0.6649,,1.0000,,1.0000,
S15-01,SUPPORT,S15_退换货,easy,True,success,1.0000,1.0000,1.0000,1.0000,1.0000,1.0000,1.0000,1.0000,1.0000,1.0000,1.0000,1.0000,1.0000,1.0000,0.0000,0.0000,,4690.0000,1.0000,,0.6634,,0.7797,,1.0000,,1.0000,
S15-03,SUPPORT,S15_退换货,medium,True,success,1.0000,1.0000,0.5000,0.5000,1.0000,1.0000,1.0000,1.0000,1.0000,1.0000,1.0000,1.0000,1.0000,1.0000,0.0000,0.0000,,6724.0000,1.0000,,0.8681,,0.7138,,1.0000,,1.0000,
S15-02,SUPPORT,S15_退换货,easy,True,success,1.0000,1.0000,1.0000,1.0000,1.0000,1.0000,1.0000,1.0000,1.0000,1.0000,1.0000,1.0000,1.0000,1.0000,0.0000,0.0000,,5893.0000,0.9600,,0.6519,,0.4081,,1.0000,,1.0000,
S15-04,SUPPORT,S15_退换货,medium,True,success,1.0000,1.0000,0.5000,0.5000,1.0000,1.0000,1.0000,1.0000,1.0000,1.0000,1.0000,1.0000,1.0000,1.0000,0.0000,0.0000,,5930.0000,0.9167,,0.8665,,0.5550,,1.0000,,0.5000,
S15-05,SUPPORT,S15_退换货,medium,True,success,1.0000,1.0000,0.5000,0.5000,1.0000,1.0000,1.0000,1.0000,1.0000,1.0000,1.0000,1.0000,1.0000,1.0000,0.0000,0.0000,,5578.0000,0.8571,,0.7612,,0.8004,,0.8333,,1.0000,
S15-06,SUPPORT,S15_退换货,hard,True,success,1.0000,1.0000,0.5000,0.5000,1.0000,1.0000,1.0000,1.0000,1.0000,1.0000,1.0000,1.0000,1.0000,1.0000,0.0000,0.0000,,5541.0000,1.0000,,0.7013,,0.7823,,1.0000,,1.0000,
S15-07,SUPPORT,S15_退换货,hard,True,success,1.0000,1.0000,0.5000,0.5000,1.0000,0.5000,0.5000,1.0000,1.0000,1.0000,1.0000,1.0000,1.0000,1.0000,0.0000,0.0000,,5288.0000,0.8182,,0.6267,,0.7578,,1.0000,,1.0000,
S16-02,SUPPORT,S16_物流配送,easy,True,success,1.0000,0.0000,0.0000,0.0000,1.0000,1.0000,1.0000,1.0000,1.0000,1.0000,1.0000,1.0000,1.0000,0.5000,0.0000,0.0000,,5597.0000,0.8333,,0.9474,,0.5967,,1.0000,,0.5000,
S16-01,SUPPORT,S16_物流配送,easy,True,success,1.0000,1.0000,1.0000,1.0000,1.0000,1.0000,1.0000,1.0000,1.0000,1.0000,1.0000,1.0000,1.0000,1.0000,0.0000,0.0000,,5016.0000,1.0000,,0.7571,,0.7642,,1.0000,,1.0000,
S16-03,SUPPORT,S16_物流配送,medium,True,success,1.0000,1.0000,1.0000,1.0000,1.0000,1.0000,1.0000,1.0000,1.0000,1.0000,1.0000,1.0000,1.0000,1.0000,0.0000,0.0000,,4865.0000,1.0000,,0.8396,,0.5838,,1.0000,,1.0000,
S16-04,SUPPORT,S16_物流配送,medium,True,success,1.0000,1.0000,0.5000,0.5000,1.0000,1.0000,1.0000,1.0000,1.0000,1.0000,1.0000,1.0000,1.0000,1.0000,0.0000,0.0000,,4985.0000,0.7778,,0.7352,,0.5108,,1.0000,,0.5000,
S17-02,SUPPORT,S17_发票会员,easy,True,success,1.0000,1.0000,1.0000,1.0000,1.0000,1.0000,1.0000,1.0000,1.0000,1.0000,1.0000,1.0000,1.0000,1.0000,0.0000,0.0000,,4919.0000,1.0000,,0.6173,,0.1876,,1.0000,,0.5000,
S16-06,SUPPORT,S16_物流配送,hard,True,success,0.0000,1.0000,1.0000,1.0000,1.0000,1.0000,1.0000,1.0000,1.0000,1.0000,1.0000,1.0000,1.0000,1.0000,0.0000,0.0000,,6050.0000,0.8889,,0.9698,,0.7206,,1.0000,,1.0000,
S17-01,SUPPORT,S17_发票会员,easy,True,success,1.0000,1.0000,1.0000,1.0000,1.0000,1.0000,1.0000,1.0000,1.0000,1.0000,1.0000,1.0000,1.0000,1.0000,0.0000,0.0000,,6330.0000,0.9091,,0.7940,,0.5533,,1.0000,,1.0000,
S16-05,SUPPORT,S16_物流配送,hard,True,success,1.0000,1.0000,1.0000,1.0000,1.0000,1.0000,1.0000,1.0000,1.0000,1.0000,1.0000,1.0000,1.0000,1.0000,0.0000,0.0000,,5859.0000,0.9167,,0.7961,,0.8821,,0.7500,,1.0000,
S17-06,SUPPORT,S17_发票会员,hard,True,success,1.0000,1.0000,0.5000,0.5000,1.0000,1.0000,1.0000,1.0000,1.0000,1.0000,1.0000,1.0000,1.0000,1.0000,0.0000,0.0000,,5671.0000,0.8000,,0.7193,,0.1793,,1.0000,,0.5000,
S17-04,SUPPORT,S17_发票会员,medium,True,success,1.0000,1.0000,0.5000,0.5000,1.0000,1.0000,1.0000,1.0000,1.0000,1.0000,1.0000,1.0000,1.0000,1.0000,0.0000,0.0000,,6008.0000,0.8333,,0.6841,,0.3571,,1.0000,,0.5000,
S17-05,SUPPORT,S17_发票会员,hard,True,success,1.0000,1.0000,1.0000,1.0000,1.0000,1.0000,1.0000,1.0000,1.0000,1.0000,1.0000,1.0000,1.0000,1.0000,0.0000,0.0000,,6285.0000,0.9167,,0.5680,,0.7403,,1.0000,,0.5000,
S17-03,SUPPORT,S17_发票会员,medium,True,success,1.0000,1.0000,1.0000,1.0000,1.0000,1.0000,1.0000,1.0000,1.0000,1.0000,1.0000,1.0000,1.0000,1.0000,0.0000,0.0000,,18583.0000,0.8889,,0.5470,,0.4477,,0.8333,,1.0000,
F1-01,FEEDBACK,F1_故障报告,easy,True,success,1.0000,1.0000,0.3333,0.3333,1.0000,0.6667,0.6667,1.0000,0.6667,0.6667,1.0000,0.6667,0.6667,1.0000,0.0000,0.0000,,4984.0000,0.7273,,0.7215,,0.8158,,1.0000,,1.0000,
F1-02,FEEDBACK,F1_故障报告,medium,True,success,1.0000,1.0000,0.3333,0.3333,1.0000,0.6667,0.6667,1.0000,0.6667,0.6667,1.0000,0.6667,0.6667,1.0000,0.0000,0.0000,,5447.0000,0.8966,,0.6993,,0.6677,,1.0000,,0.3333,
F1-04,FEEDBACK,F1_故障报告,hard,True,success,1.0000,1.0000,0.5000,0.5000,1.0000,1.0000,1.0000,1.0000,1.0000,1.0000,1.0000,1.0000,1.0000,1.0000,0.0000,0.0000,,5338.0000,0.6000,,0.8198,,0.6171,,0.8333,,0.0000,
F1-03,FEEDBACK,F1_故障报告,medium,True,success,1.0000,1.0000,0.3333,0.3333,1.0000,0.6667,0.6667,1.0000,0.6667,0.6667,1.0000,0.6667,0.6667,1.0000,0.0000,0.0000,,5203.0000,0.7500,,0.6335,,0.6251,,1.0000,,0.6667,
F1-05,FEEDBACK,F1_故障报告,hard,True,success,1.0000,0.0000,0.0000,0.0000,0.0000,0.0000,0.0000,0.0000,0.0000,0.0000,0.0000,0.0000,0.0000,0.0000,0.0000,0.0000,,6142.0000,0.6500,,0.8665,,0.5544,,1.0000,,0.0000,
F2-01,FEEDBACK,F2_功能建议,easy,False,success,1.0000,,,,,,,,,,,,,,,,0.0000,4499.0000,,,,,,,,,,
F2-02,FEEDBACK,F2_功能建议,easy,False,success,1.0000,,,,,,,,,,,,,,,,0.0000,6996.0000,,,,,,,,,,
F2-04,FEEDBACK,F2_功能建议,medium,False,success,1.0000,,,,,,,,,,,,,,,,0.0000,4966.0000,,,,,,,,,,
F2-03,FEEDBACK,F2_功能建议,medium,False,success,1.0000,,,,,,,,,,,,,,,,0.0000,6095.0000,,,,,,,,,,
F3-01,FEEDBACK,F3_投诉吐槽,easy,False,success,1.0000,,,,,,,,,,,,,,,,0.0000,4437.0000,,,,,,,,,,
F3-02,FEEDBACK,F3_投诉吐槽,medium,True,success,1.0000,0.0000,0.0000,0.0000,0.0000,0.0000,0.0000,0.0000,0.0000,0.0000,0.0000,0.0000,0.0000,0.0000,1.0000,0.0000,,4058.0000,,,,,,,,,,
F3-03,FEEDBACK,F3_投诉吐槽,medium,True,success,1.0000,0.0000,0.0000,0.0000,0.0000,0.0000,0.0000,0.0000,0.0000,0.0000,0.0000,0.0000,0.0000,0.0000,1.0000,0.0000,,4322.0000,,,,,,,,,,
F2-05,FEEDBACK,F2_功能建议,hard,False,success,0.0000,,,,,,,,,,,,,,,,1.0000,4682.0000,0.9231,,0.7222,,0.1340,,1.0000,,0.0000,
F3-05,FEEDBACK,F3_投诉吐槽,hard,False,success,1.0000,,,,,,,,,,,,,,,,0.0000,4321.0000,,,,,,,,,,
F3-04,FEEDBACK,F3_投诉吐槽,hard,False,success,1.0000,,,,,,,,,,,,,,,,0.0000,4915.0000,,,,,,,,,,
C1-01,CHAT,C1_寒暄问候,easy,False,success,1.0000,,,,,,,,,,,,,,,,0.0000,4339.0000,,,,,,,,,,
C1-05,CHAT,C1_寒暄问候,medium,False,success,1.0000,,,,,,,,,,,,,,,,0.0000,4039.0000,,,,,,,,,,
C1-02,CHAT,C1_寒暄问候,easy,False,success,1.0000,,,,,,,,,,,,,,,,0.0000,4565.0000,,,,,,,,,,
C1-03,CHAT,C1_寒暄问候,easy,False,success,0.0000,,,,,,,,,,,,,,,,0.0000,4549.0000,,,,,,,,,,
C1-04,CHAT,C1_寒暄问候,medium,False,success,1.0000,,,,,,,,,,,,,,,,0.0000,4582.0000,,,,,,,,,,
C2-01,CHAT,C2_越界提问,easy,False,success,1.0000,,,,,,,,,,,,,,,,0.0000,5359.0000,,,,,,,,,,
C2-03,CHAT,C2_越界提问,medium,False,success,1.0000,,,,,,,,,,,,,,,,0.0000,4478.0000,,,,,,,,,,
C2-02,CHAT,C2_越界提问,medium,False,success,1.0000,,,,,,,,,,,,,,,,0.0000,6080.0000,,,,,,,,,,
C2-05,CHAT,C2_越界提问,hard,False,success,1.0000,,,,,,,,,,,,,,,,0.0000,3853.0000,,,,,,,,,,
C2-04,CHAT,C2_越界提问,hard,False,success,0.0000,,,,,,,,,,,,,,,,1.0000,7502.0000,0.0000,,0.0000,,0.0589,,0.2000,,0.0000,
